name,n,h,w,c,k,r,s,pad_h,pad_w,stride_h,stride_w,dilation_h,dilation_w
smoke,1,16,16,32,32,3,3,1,1,1,1,1,1
resnet_stem_padded,1,224,224,32,64,7,7,3,3,2,2,1,1
resnet_s2_3x3,1,56,56,64,64,3,3,1,1,1,1,1,1
resnet_s2_expand,1,56,56,64,256,1,1,0,0,1,1,1,1
resnet_s3_down,1,56,56,256,128,3,3,1,1,2,2,1,1
resnet_s3_3x3,1,28,28,128,128,3,3,1,1,1,1,1,1
resnet_s4_down,1,28,28,512,256,3,3,1,1,2,2,1,1
resnet_s4_3x3,1,14,14,256,256,3,3,1,1,1,1,1,1
resnet_s5_down,1,14,14,1024,512,3,3,1,1,2,2,1,1
resnet_s5_3x3,1,7,7,512,512,3,3,1,1,1,1,1,1
darknet_stem_padded,1,416,416,32,32,3,3,1,1,1,1,1,1
darknet_down_416,1,416,416,32,64,3,3,1,1,2,2,1,1
darknet_res_52_reduce,1,52,52,256,128,1,1,0,0,1,1,1,1
darknet_res_52_expand,1,52,52,128,256,3,3,1,1,1,1,1,1
darknet_down_52,1,52,52,256,512,3,3,1,1,2,2,1,1
darknet_res_13_reduce,1,13,13,1024,512,1,1,0,0,1,1,1,1
darknet_head_13,1,13,13,512,1024,3,3,1,1,1,1,1,1
darknet_detect_13_padded,1,13,13,1024,256,1,1,0,0,1,1,1,1
mobilenet_pointwise,1,56,56,64,128,1,1,0,0,1,1,1,1
dilated_3x3,1,32,32,128,128,3,3,2,2,1,1,2,2
batch1_resnet_56_3x3,1,56,56,64,64,3,3,1,1,1,1,1,1
batch4_resnet_56_3x3,4,56,56,64,64,3,3,1,1,1,1,1,1
batch8_resnet_56_3x3,8,56,56,64,64,3,3,1,1,1,1,1,1
batch16_resnet_56_3x3,16,56,56,64,64,3,3,1,1,1,1,1,1
batch32_resnet_56_3x3,32,56,56,64,64,3,3,1,1,1,1,1,1
batch8_3x3,8,28,28,128,256,3,3,1,1,1,1,1,1
batch16_bottleneck_reduce,16,56,56,256,64,1,1,0,0,1,1,1,1
batch16_bottleneck_expand,16,56,56,64,256,1,1,0,0,1,1,1,1
batch16_resnet_28_3x3,16,28,28,128,128,3,3,1,1,1,1,1,1
batch16_mobilenet_pointwise,16,56,56,64,128,1,1,0,0,1,1,1,1
batch8_dilated_3x3,8,64,64,128,256,3,3,2,2,1,1,2,2
batch8_asymmetric_1x3,8,128,128,64,128,1,3,0,1,1,1,1,1
batch8_asymmetric_3x1,8,128,128,64,128,3,1,1,0,1,1,1,1
batch16_patch_embed_padded,16,224,224,32,96,4,4,0,0,4,4,1,1
big_1x1_s1,16,256,256,256,256,1,1,0,0,1,1,1,1
big_3x3_s1,16,256,256,256,256,3,3,1,1,1,1,1,1
big_3x3_s2,16,256,256,256,512,3,3,1,1,2,2,1,1
big_5x5_s2,16,256,256,256,256,5,5,2,2,2,2,1,1
nonmultiple8_k63,1,256,256,64,63,3,3,1,1,1,1,1,1
nonmultiple8_k69,1,256,256,64,69,3,3,1,1,1,1,1,1
nonmultiple8_k255,1,256,256,64,255,3,3,1,1,1,1,1,1
